{"woof_autosubmit":"1","woof_checkboxes_slide":"1","woof_filter_btn_txt":"","woof_first_init":"1","woof_hide_dynamic_empty_pos":"0","woof_hide_red_top_panel":"0","woof_later_rate_alert":"1665061660","woof_reset_btn_txt":"","woof_set_automatically":"0","woof_settings":"a:56:{s:11:\"items_order\";s:76:\"by_price,product_visibility,product_cat,product_tag,by_text,pa_color,pa_size\";s:8:\"by_price\";a:11:{s:4:\"show\";s:1:\"1\";s:12:\"tooltip_text\";s:0:\"\";s:11:\"show_button\";s:1:\"0\";s:10:\"title_text\";s:0:\"\";s:18:\"show_toggle_button\";s:1:\"0\";s:6:\"ranges\";s:0:\"\";s:17:\"first_option_text\";s:0:\"\";s:15:\"ion_slider_step\";s:1:\"0\";s:9:\"price_tax\";s:1:\"0\";s:15:\"show_text_input\";s:1:\"0\";s:17:\"price_slider_skin\";s:1:\"0\";}s:8:\"tax_type\";a:5:{s:18:\"product_visibility\";s:5:\"radio\";s:11:\"product_cat\";s:8:\"checkbox\";s:11:\"product_tag\";s:8:\"checkbox\";s:8:\"pa_color\";s:5:\"radio\";s:7:\"pa_size\";s:5:\"radio\";}s:14:\"excluded_terms\";a:5:{s:18:\"product_visibility\";s:0:\"\";s:11:\"product_cat\";s:0:\"\";s:11:\"product_tag\";s:0:\"\";s:8:\"pa_color\";s:0:\"\";s:7:\"pa_size\";s:0:\"\";}s:16:\"tax_block_height\";a:5:{s:18:\"product_visibility\";s:1:\"0\";s:11:\"product_cat\";s:1:\"0\";s:11:\"product_tag\";s:1:\"0\";s:8:\"pa_color\";s:1:\"0\";s:7:\"pa_size\";s:1:\"0\";}s:16:\"show_title_label\";a:5:{s:18:\"product_visibility\";s:1:\"0\";s:11:\"product_cat\";s:1:\"0\";s:11:\"product_tag\";s:1:\"0\";s:8:\"pa_color\";s:1:\"0\";s:7:\"pa_size\";s:1:\"0\";}s:18:\"show_toggle_button\";a:5:{s:18:\"product_visibility\";s:1:\"0\";s:11:\"product_cat\";s:1:\"0\";s:11:\"product_tag\";s:1:\"0\";s:8:\"pa_color\";s:1:\"0\";s:7:\"pa_size\";s:1:\"0\";}s:12:\"tooltip_text\";a:5:{s:18:\"product_visibility\";s:0:\"\";s:11:\"product_cat\";s:0:\"\";s:11:\"product_tag\";s:0:\"\";s:8:\"pa_color\";s:0:\"\";s:7:\"pa_size\";s:0:\"\";}s:13:\"dispay_in_row\";a:5:{s:18:\"product_visibility\";s:1:\"0\";s:11:\"product_cat\";s:1:\"0\";s:11:\"product_tag\";s:1:\"0\";s:8:\"pa_color\";s:1:\"0\";s:7:\"pa_size\";s:1:\"0\";}s:7:\"orderby\";a:5:{s:18:\"product_visibility\";s:2:\"-1\";s:11:\"product_cat\";s:2:\"-1\";s:11:\"product_tag\";s:2:\"-1\";s:8:\"pa_color\";s:2:\"-1\";s:7:\"pa_size\";s:2:\"-1\";}s:5:\"order\";a:5:{s:18:\"product_visibility\";s:3:\"ASC\";s:11:\"product_cat\";s:3:\"ASC\";s:11:\"product_tag\";s:3:\"ASC\";s:8:\"pa_color\";s:3:\"ASC\";s:7:\"pa_size\";s:3:\"ASC\";}s:16:\"comparison_logic\";a:5:{s:18:\"product_visibility\";s:2:\"OR\";s:11:\"product_cat\";s:2:\"OR\";s:11:\"product_tag\";s:2:\"OR\";s:8:\"pa_color\";s:2:\"OR\";s:7:\"pa_size\";s:2:\"OR\";}s:16:\"custom_tax_label\";a:5:{s:18:\"product_visibility\";s:0:\"\";s:11:\"product_cat\";s:0:\"\";s:11:\"product_tag\";s:0:\"\";s:8:\"pa_color\";s:0:\"\";s:7:\"pa_size\";s:0:\"\";}s:23:\"not_toggled_terms_count\";a:5:{s:18:\"product_visibility\";s:1:\"0\";s:11:\"product_cat\";s:1:\"0\";s:11:\"product_tag\";s:1:\"0\";s:8:\"pa_color\";s:1:\"0\";s:7:\"pa_size\";s:1:\"0\";}s:7:\"by_text\";a:19:{s:4:\"show\";s:1:\"0\";s:15:\"max_open_height\";s:3:\"300\";s:22:\"taxonomy_compatibility\";s:1:\"0\";s:12:\"autocomplete\";s:1:\"1\";s:13:\"custom_fields\";s:0:\"\";s:9:\"use_cache\";s:1:\"0\";s:16:\"view_text_length\";s:2:\"10\";s:9:\"max_posts\";s:2:\"10\";s:11:\"min_symbols\";s:1:\"3\";s:5:\"title\";s:0:\"\";s:11:\"placeholder\";s:14:\"Product Search\";s:8:\"behavior\";s:5:\"title\";s:19:\"search_by_full_word\";s:1:\"0\";s:19:\"search_desc_variant\";s:1:\"0\";s:17:\"how_to_open_links\";s:1:\"0\";s:5:\"image\";s:0:\"\";s:17:\"sku_compatibility\";s:1:\"0\";s:18:\"notes_for_customer\";s:0:\"\";s:8:\"template\";s:0:\"\";}s:11:\"icheck_skin\";s:4:\"none\";s:12:\"overlay_skin\";s:7:\"default\";s:19:\"overlay_skin_bg_img\";s:0:\"\";s:18:\"plainoverlay_color\";s:0:\"\";s:25:\"default_overlay_skin_word\";s:0:\"\";s:13:\"select_design\";s:6:\"chosen\";s:17:\"use_beauty_scroll\";s:1:\"1\";s:15:\"ion_slider_skin\";s:5:\"round\";s:11:\"use_tooltip\";s:1:\"1\";s:16:\"woof_tooltip_img\";s:0:\"\";s:25:\"woof_auto_hide_button_img\";s:0:\"\";s:25:\"woof_auto_hide_button_txt\";s:0:\"\";s:26:\"woof_auto_subcats_plus_img\";s:0:\"\";s:27:\"woof_auto_subcats_minus_img\";s:0:\"\";s:26:\"image_mobile_behavior_open\";s:0:\"\";s:25:\"text_mobile_behavior_open\";s:11:\"Open filter\";s:27:\"image_mobile_behavior_close\";s:0:\"\";s:26:\"text_mobile_behavior_close\";s:12:\"Close filter\";s:11:\"toggle_type\";s:4:\"text\";s:18:\"toggle_opened_text\";s:0:\"\";s:18:\"toggle_closed_text\";s:0:\"\";s:19:\"toggle_opened_image\";s:0:\"\";s:19:\"toggle_closed_image\";s:0:\"\";s:16:\"custom_front_css\";s:0:\"\";s:15:\"custom_css_code\";s:0:\"\";s:18:\"js_after_ajax_done\";s:0:\"\";s:20:\"init_only_on_reverse\";s:1:\"0\";s:12:\"init_only_on\";s:0:\"\";s:8:\"per_page\";s:2:\"-1\";s:17:\"optimize_js_files\";s:1:\"0\";s:25:\"listen_catalog_visibility\";s:1:\"0\";s:23:\"disable_swoof_influence\";s:1:\"0\";s:16:\"cache_count_data\";s:1:\"0\";s:11:\"cache_terms\";s:1:\"0\";s:15:\"price_transient\";s:1:\"0\";s:19:\"show_woof_edit_view\";s:1:\"0\";s:22:\"custom_extensions_path\";s:0:\"\";s:19:\"result_count_redraw\";s:0:\"\";s:21:\"order_dropdown_redraw\";s:0:\"\";s:15:\"per_page_redraw\";s:0:\"\";s:20:\"activated_extensions\";a:2:{i:0;s:32:\"12f5ce0233d952ecdb06664da768cac9\";i:1;s:32:\"9ee5e7f05a09d649f9d45d8603f62891\";}}","woof_show_count":"1","woof_show_count_dynamic":"0","woof_sort_terms_checked":"0","woof_try_ajax":"0"}