{"last_tab":"1","opt-slider-label":{"width":"1400px","units":"px"},"layout_set":"2","kivi_layout_image":{"url":"","id":"","height":"","width":"","thumbnail":""},"kivi_layout_color":"#ffffff","kivi_back_to_top":"yes","kivi_fevicon":{"url":"https:\/\/wordpress.iqonic.design\/product\/wp\/kivicare\/wp-content\/themes\/kivicare-theme\/assets\/images\/redux\/favicon.ico","id":"","height":"","width":"","thumbnail":""},"kivicare_direction_options":"no","kivi_display_loader":"yes","loader_color":"#ffffff","kivi_loader_gif":{"url":"https:\/\/wordpress.iqonic.design\/product\/wp\/kivicare\/wp-content\/themes\/kivicare-theme\/assets\/images\/redux\/loader.gif","id":"","height":"","width":"","thumbnail":""},"loader-dimensions":{"width":"","height":"","units":"px"},"custom_color_switch":"no","primary_color":"","secondary_color":"","title_color":"","sub_title_color":"","text_color":"","white_color":"","change_font":"0","body_font":{"font-family":"Poppins","font-options":"","google":"1","font-backup":"","font-weight":"","font-style":"","subsets":"","font-size":""},"h1_font":{"font-family":"PT+Sans","font-options":"","google":"1","font-weight":"","font-style":"","subsets":"","font-size":""},"h2_font":{"font-family":"PT+Sans","font-options":"","google":"1","font-weight":"","font-style":"","subsets":"","font-size":""},"h3_font":{"font-family":"PT+Sans","font-options":"","google":"1","font-weight":"","font-style":"","subsets":"","font-size":""},"h4_font":{"font-family":"PT+Sans","font-options":"","google":"1","font-weight":"","font-style":"","subsets":"","font-size":""},"h5_font":{"font-family":"PT+Sans","font-options":"","google":"1","font-weight":"","font-style":"","subsets":"","font-size":""},"h6_font":{"font-family":"PT+Sans","font-options":"","google":"1","font-weight":"","font-style":"","subsets":"","font-size":""},"header_layout":"custom","menu_style":"default-header","header_postion":"default","header_menu_container":"container-fluid","kivi_header_background_type":"default","kivi_header_background_color":"","kivi_header_background_image":{"url":"","id":"","height":"","width":"","thumbnail":""},"header_menu_color_type":"default","kivi_header_menu_color":"","kivi_header_menu_active_color":"","kivi_header_menu_hover_color":"","header_submenu_color_type":"default","kivi_header_submenu_color":"","kivi_header_submenu_active_color":"","kivi_header_submenu_hover_color":"","kivi_header_submenu_background_color":"","header_submenu_background_active_color":"","header_submenu_background_hover_color":"","responsive_menu_button_type":"default","responsive_menu_button_color":"","responsive_menu_button_background_color":"","responsive_menu_color":"","responsive_menu_hover_color":"","responsive_menu_background_color":"","responsive_menu_active_background_color":"","header_display_button":"yes","kivi_download_title":"Get Started","kivi_download_link":"","header_button_color_type":"default","kivi_download_btn_background":"","kivi_download_btn_background_hover":"","kivi_download_btn_text":"","kivi_download_btn_text_hover":"","header_display_btn2":"yes","kivi_btn2_title":"Get Started","kivi_btn2_link":"","header_btn2_color_type":"default","kivi_btn2_background":"","kivi_btn2_background_hover":"","kivi_btn2_text":"","kivi_btn2_text_hover":"","header_display_shop":"no","shop_link":"","wishlist_link":"","email_and_button":"yes","header_top_background_type":"default","header_top_background_color":"","header_top_background_image":{"url":"","id":"","height":"","width":"","thumbnail":""},"header_top_text_color_type":"custom","header_top_text_color":"","header_top_text_hover_color":"#40d1af","header_top_icon_color":"","header_top_icon_hover_color":"","header_phone":"+0123456789","header_email":"support@example.com","header_address":"1234 North Avenue Luke Lane, South Bend, IN 360001","header_display_contact":"yes","kivi_header_social_media":"yes","sticky_header_display":"yes","sticky_header_background_type":"default","sticky_header_background_color":"","sticky_header_background_image":{"url":"","id":"","height":"","width":"","thumbnail":""},"sticky_menu_color_type":"default","sticky_menu_color":"","sticky_menu_active_color":"","sticky_menu_hover_color":"","sticky_header_submenu_color_type":"default","sticky_kivi_header_submenu_color":"","sticky_kivi_header_submenu_active_color":"","sticky_kivi_header_submenu_hover_color":"","sticky_kivi_header_submenu_background_color":"","sticky_header_submenu_background_active_color":"","sticky_header_submenu_background_hover_color":"","header_display_side_area":"yes","sidearea_background_type":"default","sidearea_background_color":"","sidearea_background_image":{"url":"","id":"","height":"","width":"","thumbnail":""},"sidearea_width":{"width":"","units":"px"},"sidearea_btn_color_type":"default","sidearea_btn_open_color":"","sidearea_btn_open_hover":"","sidearea_btn_line_color":"","sidearea_btn_line_hover_color":"","sidearea_btn_close_color":"","sidearea_btn_close_hover":"","sidearea_btn_close_line_color":"","sidearea_btn_close_line_hover_color":"","header_radio":"2","kivi_logo":{"url":"https:\/\/wordpress.iqonic.design\/product\/wp\/kivicare\/wp-content\/themes\/kivicare-theme\/assets\/images\/logo.png","id":"","height":"","width":"","thumbnail":""},"logo-dimensions":{"width":"","height":"","units":"px"},"header_text":"kivicare","header_color":"#ffffff","kivi_page_banner_image":{"url":"https:\/\/wordpress.iqonic.design\/product\/wp\/kivicare\/wp-content\/themes\/kivicare-theme\/assets\/images\/redux\/bg.png","id":"","height":"","width":"","thumbnail":""},"bg_image":"1","display_banner":"yes","display_breadcrumbs":"yes","display_title":"yes","breadcum_title_tag":"h2","bg_title_color":"","bg_type":"1","banner_image":{"url":"https:\/\/wordpress.iqonic.design\/product\/wp\/kivicare\/wp-content\/themes\/kivicare-theme\/assets\/images\/bg.jpg","id":"","height":"","width":"","thumbnail":""},"bg_color":"#eff1fe","search_page":"1","kivi_blog_banner_image":{"url":"https:\/\/wordpress.iqonic.design\/product\/wp\/kivicare\/wp-content\/themes\/kivicare-theme\/assets\/images\/redux\/bg.png","id":"","height":"","width":"","thumbnail":""},"kivi_blog":"4","kivi_display_pagination":"yes","kivi_display_image":"yes","kivi_blog_type":"4","kivi_display_comment":"yes","woocommerce_shop":"2","woocommerce_shop_grid":"5","woocommerce_product_per_page":"12","product_display_banner":"yes","kivicare_show_related_product":"yes","kivicare_display_product_category":"yes","kivicare_display_product_name":"yes","kivicare_display_price":"yes","kivicare_display_product_rating":"yes","kivicare_display_product_addtocart_icon":"yes","kivicare_display_product_wishlist_icon":"yes","kivicare_display_product_quickview_icon":"yes","kivicare_display_sale_badge_color":"","kivicare_display_new_badge_color":"","kivicare_display_sold_badge_color":"","four_zero_four_layout":"default","404_layout":"","kivi_404_banner_image":{"url":"https:\/\/wordpress.iqonic.design\/product\/wp\/kivicare\/wp-content\/themes\/kivicare-theme\/assets\/images\/redux\/404.png","id":"","height":"","width":"","thumbnail":""},"kivi_fourzerofour_title":"Oops! This Page is Not Found.","kivi_four_description":"The requested page does not exists.","header_on_404":"1","footer_on_404":"","address":"1234 North Avenue Luke Lane, South Bend, IN 360001","phone":"+0123456789","email":"support@example.com","footer_layout":"custom","footer_style":"default-footer","display_footer":"no","footer_image":{"url":"","id":"","height":"","width":"","thumbnail":""},"logo_footer":{"url":"https:\/\/wordpress.iqonic.design\/product\/wp\/kivicare\/wp-content\/themes\/kivicare-theme\/assets\/images\/logo.png","id":"","height":"","width":"","thumbnail":""},"change_footer_color":"0","footer_color":"#eff1fe","kivi_footer_top":"yes","kivi_footer_width":"3","footer_one":"1","footer_two":"1","footer_three":"1","footer_fore":"1","footer_five":"1","display_copyright":"yes","footer_copyright_align":"3","footer_copyright":"Copyright 2022 kivicare All Rights Reserved.","social-media-iq":{"facebook-f":"#","twitter":"#","google-plus":"","github":"","instagram":"#","linkedin":"","tumblr":"","pinterest":"","dribbble":"","reddit":"","flickr":"","skype":"","youtube-play":"","vimeo":"","soundcloud":"","wechat":"","renren":"","weibo":"","xing":"","qq":"","rss":"","vk":"","behance":"","snapchat":""},"kivi_css_code":"","kivi_js_code":"jQuery(document).ready(function($){\r\n\r\n});","kivi_subscribe":"[mc4wp_form id=\"282\"]","redux-backup":1}