{"last_tab":"","opt-slider-label":{"width":"1400px","units":"px"},"layout_set":"2","kivi_layout_image":{"url":"","id":"","height":"","width":"","thumbnail":""},"kivi_layout_color":"#ffffff","kivi_back_to_top":"yes","kivi_fevicon":{"url":"https:\/\/wordpress.iqonic.design\/kivicare\/wp-content\/themes\/kivicare\/assets\/images\/favicon.ico","id":"","height":"","width":"","thumbnail":""},"custom-widget-onoff":"no","kivi_display_loader":"yes","loader_color":"#ffffff","kivi_loader_gif":{"url":"https:\/\/wordpress.iqonic.design\/kivicare\/wp-content\/themes\/kivicare\/assets\/images\/loader.gif","id":"","height":"","width":"","thumbnail":""},"loader-dimensions":{"width":"","height":"","units":"px"},"kivi_header_variation":"1","header_menu_container":"container-fluid","kivi_header_background_type":"default","kivi_header_background_color":"","kivi_header_background_image":{"url":"","id":"","height":"","width":"","thumbnail":""},"header_menu_color_type":"default","kivi_header_menu_color":"","kivi_header_menu_active_color":"","kivi_header_menu_hover_color":"","header_submenu_color_type":"default","kivi_header_submenu_color":"","kivi_header_submenu_active_color":"","kivi_header_submenu_hover_color":"","kivi_header_submenu_background_color":"","header_submenu_background_active_color":"","header_submenu_background_hover_color":"","responsive_menu_button_type":"default","responsive_menu_button_color":"","responsive_menu_button_background_color":"","responsive_menu_color":"","responsive_menu_hover_color":"","responsive_menu_background_color":"","responsive_menu_active_background_color":"","header_display_button":"yes","kivi_download_title":"Appointment","kivi_download_link":"\/appointment","header_button_color_type":"default","kivi_download_btn_background":"","kivi_download_btn_background_hover":"","kivi_download_btn_text":"","kivi_download_btn_text_hover":"","header_display_btn2":"yes","kivi_btn2_title":"Dashboard","kivi_btn2_link":"\/kivicare\/patient-dashboard\/#\/dashboard","header_btn2_color_type":"default","kivi_btn2_background":"","kivi_btn2_background_hover":"","kivi_btn2_text":"","kivi_btn2_text_hover":"","header_display_shop":"yes","shop_link":"19","wishlist_link":"5990","email_and_button":"no","header_top_background_type":"default","header_top_background_color":"","header_top_background_image":{"url":"","id":"","height":"","width":"","thumbnail":""},"header_top_text_color_type":"default","header_top_text_color":"","header_top_text_hover_color":"","header_top_icon_color":"","header_top_icon_hover_color":"","header_phone":"+0123456789","header_email":"support@example.com","header_address":"1234 North Avenue Luke Lane, South Bend, IN 360001","header_display_contact":"yes","kivi_header_social_media":"yes","sticky_header_display":"yes","sticky_header_background_type":"default","sticky_header_background_color":"","sticky_header_background_image":{"url":"","id":"","height":"","width":"","thumbnail":""},"sticky_menu_color_type":"default","sticky_menu_color":"","sticky_menu_active_color":"","sticky_menu_hover_color":"","sticky_header_submenu_color_type":"default","sticky_kivi_header_submenu_color":"","sticky_kivi_header_submenu_active_color":"","sticky_kivi_header_submenu_hover_color":"","sticky_kivi_header_submenu_background_color":"","sticky_header_submenu_background_active_color":"","sticky_header_submenu_background_hover_color":"","header_display_side_area":"yes","sidearea_background_type":"default","sidearea_background_color":"","sidearea_background_image":{"url":"","id":"","height":"","width":"","thumbnail":""},"sidearea_width":{"width":"","units":"px"},"sidearea_btn_color_type":"default","sidearea_btn_open_color":"","sidearea_btn_open_hover":"","sidearea_btn_line_color":"","sidearea_btn_line_hover_color":"","sidearea_btn_close_color":"","sidearea_btn_close_hover":"","sidearea_btn_close_line_color":"","sidearea_btn_close_line_hover_color":"","header_radio":"2","kivi_logo":{"url":"https:\/\/wordpress.iqonic.design\/kivicare\/wp-content\/themes\/kivicare\/assets\/images\/logo.png","id":"","height":"","width":"","thumbnail":""},"logo-dimensions":{"width":"","height":"","units":"px"},"header_text":"kivicare","header_color":"#ffffff","kivi_page_banner_image":{"url":"https:\/\/wordpress.iqonic.design\/kivicare\/wp-content\/themes\/kivicare\/assets\/images\/banner\/bg.png","id":"","height":"","width":"","thumbnail":""},"bg_image":"1","display_banner":"yes","display_breadcrumbs":"yes","display_title":"yes","breadcum_title_tag":"h2","bg_title_color":"","bg_type":"2","banner_image":{"url":"https:\/\/wordpress.iqonic.design\/kivicare\/wp-content\/uploads\/2020\/10\/ki-14-1.jpg","id":"1516","height":"373","width":"1600","thumbnail":"https:\/\/wordpress.iqonic.design\/kivicare\/wp-content\/uploads\/2020\/10\/ki-14-1-150x150.jpg"},"bg_color":"#eff1fe","bg_opacity":"1","opacity_color":{"color":"","alpha":"","rgba":""},"display_footer":"no","logo_footer":{"url":"https:\/\/wordpress.iqonic.design\/kivicare\/wp-content\/themes\/kivicare\/assets\/images\/logo.png","id":"","height":"","width":"","thumbnail":""},"footer_image":{"url":"https:\/\/wordpress.iqonic.design\/kivicare\/wp-content\/themes\/kivicare\/assets\/images\/footer-img.jpg","id":"","height":"","width":"","thumbnail":""},"change_footer_color":"0","footer_color":"#eff1fe","kivi_footer_top":"yes","kivi_footer_width":"4","footer_one":"1","footer_two":"1","footer_three":"1","footer_fore":"1","footer_five":"1","display_copyright":"yes","footer_copyright_align":"2","footer_copyright":"Copyright 2021 kivicare All Rights Reserved.","address":"1234 North Avenue Luke Lane, South Bend, IN 360001","phone":"+0123456789","email":"support@example.com","social-media-iq":{"facebook":"#","twitter":"#","google-plus":"","github":"","instagram":"#","linkedin":"","tumblr":"","pinterest":"","dribbble":"","reddit":"","flickr":"","skype":"","youtube-play":"","vimeo":"","soundcloud":"","wechat":"","renren":"","weibo":"","xing":"","qq":"","rss":"","vk":"","behance":"","snapchat":""},"kivi_404_banner_image":{"url":"https:\/\/wordpress.iqonic.design\/kivicare\/wp-content\/uploads\/2021\/11\/404-1.png","id":"7882","height":"538","width":"931","thumbnail":"https:\/\/wordpress.iqonic.design\/kivicare\/wp-content\/uploads\/2021\/11\/404-1-150x150.png"},"kivi_fourzerofour_title":"Oops! This Page is Not Found.","kivi_four_description":"The requested page does not exist.","kivi_blog_banner_image":{"url":"https:\/\/wordpress.iqonic.design\/kivicare\/wp-content\/themes\/kivicare\/assets\/images\/banner\/bg.png","id":"","height":"","width":"","thumbnail":""},"kivi_blog":"4","kivi_display_pagination":"yes","kivi_display_image":"yes","kivi_blog_type":"2","kivi_display_comment":"yes","kivi_page_variation":"1","kivi_search_variation":"1","kivi_change_font":"0","body_font":{"font-family":"Poppins","font-options":"","google":"1","font-backup":"","font-weight":"","font-style":"","subsets":"","font-size":""},"h1_font":{"font-family":"PT+Sans","font-options":"","google":"1","font-weight":"","font-style":"","subsets":"","font-size":""},"h2_font":{"font-family":"PT+Sans","font-options":"","google":"1","font-weight":"","font-style":"","subsets":"","font-size":""},"h3_font":{"font-family":"PT+Sans","font-options":"","google":"1","font-weight":"","font-style":"","subsets":"","font-size":""},"h4_font":{"font-family":"PT+Sans","font-options":"","google":"1","font-weight":"","font-style":"","subsets":"","font-size":""},"h5_font":{"font-family":"PT+Sans","font-options":"","google":"1","font-weight":"","font-style":"","subsets":"","font-size":""},"h6_font":{"font-family":"PT+Sans","font-options":"","google":"1","font-weight":"","font-style":"","subsets":"","font-size":""},"custom_color_switch":"no","primary_color":"","secondary_color":"","title_color":"","sub_title_color":"","text_color":"","white_color":"","kivi_css_code":".page.page-id-4426 header.style-one {display: none;}\r\n.page.page-id-4426 .style-one.menu-sticky{display: block;}\r\n.page.page-id-4426 .iq-height {display: none;}\r\n.iq-text-box {background: rgba(255, 255, 255, 0.8);backdrop-filter: blur(5px);}","kivi_js_code":"jQuery(document).ready(function($){\r\n\r\n});","kivi_subscribe":"[mc4wp_form id=\"282\"]","redux-backup":1}